{"cameraMode":{"drawMode":0,"name":"Shaded","section":"Shading Mode"},"sceneLighting":true,"audioPlay":false,"sceneViewState":{"showFog":false,"showMaterialUpdate":false,"showSkybox":false,"showFlares":false,"showImageEffects":false,"showParticleSystems":false},"in2DMode":false,"pivot":{"x":2.8592309951782228,"y":4.314908027648926,"z":-1.349639892578125},"rotation":{"x":0.006036747712641954,"y":0.9929472804069519,"z":-0.10313808917999268,"w":0.058154404163360599},"size":24.02454948425293,"orthographic":true}