{"cameraMode":{"drawMode":0,"name":"Shaded","section":"Shading Mode"},"sceneLighting":true,"audioPlay":false,"sceneViewState":{"showFog":true,"showMaterialUpdate":false,"showSkybox":true,"showFlares":true,"showImageEffects":true,"showParticleSystems":true},"in2DMode":false,"pivot":{"x":1.1392191648483277,"y":5.433037757873535,"z":-3.237635374069214},"rotation":{"x":-0.04112470895051956,"y":-0.8878377079963684,"z":0.08093737810850144,"w":-0.4511120915412903},"size":14.071810722351075,"orthographic":true}